predict_flag,true_flag,predicted_flag
"['b634f81573b4f07e0d7145cff0b7ff88a1f261f2', 'deb9c7c889aeca7b370624afb345f53be8e1bd52']",-1.0,1.0
['95e782b920365da7dc53e23d6f6e871d07f0553c'],-1.0,
"['75979331ce9778bfdbe141ddc0043c40a80f8558', 'fbdee15c5358dcda4c087c010747d730202a1a50']",1.0,1.0
['e4c80d0a887e16247a64813ea0bd94b0bdbffd0f'],-1.0,1.0
"['2c78765da91eb7685511089b269e7c9b7687c205', '3d610dcbc90bccdbfe8afe0183863090acbc7a1c', '5a9fc3fcf3850a469da2feec3c966df4223cbc2a']",-1.0,1.0
"['426a530bffca2ee92f3bc05e808aeb57599c45de', '90a6f3310cee80fce3fa98fb17821d3dd7c536dc', '9a7c3c80d611a1e1b9605c7239a35808f07b81db', 'b2eddfb7ad3b92263409a982c1f62a5fb40b206d', 'ffae113b370a11ba481b39348f4c4014ea78b3ef']",-1.0,
"['004899bd26e468c76ef0995c6e3a49506641f2a5', '88ca423e3de484617078a770c48ef7397a302e59', 'a69e5b4c655378eef6690d1dcaef5f2ce434abba', 'b2e0746b145fae90a3ede90749af8975e79deeaa', 'f0df76f4688098549b90a941a229298929a55129']",-1.0,
['e6c5e751c849dbaa7a58c7a5a0cca77d56837689'],1.0,1.0
"['6e1fb6108be6e6eda186472388bc7c1460360c32', '9aa4b2d6878d8ffd6c68684ec355eecb835ad398', 'cc14780b9c8ff0c972be754839b53a5b0153bd16', 'e7b0e676e83d04cc79493d114abac201004f0411', 'f59852fae75cee0fb39b5f090ada3d9d2fffdc3b']",-1.0,1.0
"['13c5337e1030b22e53c5227a5ced7746612bdd2e', 'c59833eaf88de98a98ced2592d94e42dcee5977d', 'e88f5b795caf3700564dcd29cb42563e8133dc38', 'f7fa3142c1befb3dda355769accbbc159b897770']",-1.0,
"['07b5fa0de8dc2cfd9b467278426ae5511b0d0c9d', '2278d03abf9dd75d259ecaf922d01bd2eb6c1f29', '2f24cabc49fe50780d21d2cdf66074f47986b386', '9ee041d92dda32e0135835001635f6eef78e5470']",0.0,1.0
"['0946356577baf2e57e519e4be302f0b26872611c', '74b761264eb04f4958238a7d33db5b95a0dd6540', 'a0ccc8e065a8587577146170a9bd206e98f4cca3', 'ca1fdb70ae6d5e72143fe6e719dc7d8d8d2c4fdb', 'dd7daf2861c3e0678dde205a2cd2b86b6d47f900']",1.0,1.0
"['0c9a718fa9e0734a14f5086fbef898fb96a5e245', '30ae2115871ad274444e7383b334fc442ccbf602', '6c56c455ba1d24ce16cccf2304ec307160a5ee00', '6c56c455ba1d24ce16cccf2304ec307160a5ee00', '821cccfb792168242bcb8926fe33ca8f96db0bcb']",0.0,1.0
"['a88e563c81138d2fcca284c166c6afa18b0c6ba9', 'ea497d06c2019ea14494456727cb13e1beea9e79']",1.0,1.0
['d672750ca4f702857466728a38831fe57a955d52'],-1.0,1.0
"['548253040fc508b465b303d4d9ea60e018ef7606', '848064782f1e398f865a3d278a4a2476ce5b6c63', 'a212e161afe00607a77475a2dc629763eeda0c2c', 'adf2e3c491745d9d434ab80f37fc4365b78c1c21', 'cec3a043bb2922d7fc73ebef9d5df85f01df9110']",1.0,1.0
['d71c943a16d70f97213afa29878df77145497499'],-1.0,
['e6b879048fa7224885605cd695ca5b853799f55a'],-1.0,
['e9ad7910c2cf4c5ba85b63c36911962e19a3125f'],-1.0,
['6eb367e90598f0046ba77bae461ce1c268b16190'],1.0,
['b4b7fa5003454846f15ce0cadecbc726697b06cf'],-1.0,
"['cb3cd988f7dffb1e1ca41ca5afeed4633723e86b', 'cb3cd988f7dffb1e1ca41ca5afeed4633723e86b']",-1.0,
['fd4264988cd9f1d980a749a2b900b9da85c17456'],-1.0,
"['1a28e7fa49bb6e9114dfea7752b0422ca0528ff6', 'cdb3d71c7bdb4ba8602157916c846e145f753093']",-1.0,
['ef536980ac17d7800e6facc3a2cc42588080d90f'],-1.0,
['a79d0694c102c8883af7e3164017919a07e360b7'],-1.0,
['bb9ea599fcabb03f98300c2c75ae9009bc78bab0'],-1.0,
['276e29e8f7cc315fb7f1f28f346e877fce3a0b34'],-1.0,
['5b8349623556096c12dec9c48eda45f7ae4f0f13'],-1.0,
['b3a70c0a075dd25b6a34f1aa11879ee3f60500c3'],-1.0,
['ee916d5c637da0815c402c39496899e671ea2c9e'],1.0,1.0
"['7caa0201c96709bad76d9f69f6087803203655bd', 'b7e05b4a9d5cc65cf5a68f9fab111d42932cd711', 'b8b639b95d375987e4f1531cd6f3793c2314dc2a']",0.0,1.0
['f97e6ab9caa702a550a75aadecfd44a6d3de7622'],-1.0,
['1025fbe44ca8332e2e79fbbf5bba38ccb1665bb6'],0.0,0.0
['b03b8c2991ff6007a86d61e0ef6b517a142184f9'],1.0,1.0
"['54678ff9d41bcb183af76df70f8153907a125e39', '6d3234d4a736ddf73ce416d76bd1a3a0235efaa1', '8f99c700ff3ceb59d83d4653427105b80d16f266']",1.0,1.0
"['230f025bc73f031ae6b1dfe9c5397754a4c3a649', '936ec085fd128573c6a071c13744138a7a2455f1']",1.0,1.0
['fc0a86c038f54d90c34da63bcf7a6750e8092b72'],-1.0,
['8d7fe68ac3fc3eb6ec6caf4a6356c4b57bf06243'],1.0,1.0
['b6d5b16e36a8d1e415fc9d6286e71788229cfeb5'],-1.0,1.0
['e0cd9ffb5c44c37b222a7e87ae7a612819cc126d'],-1.0,1.0
['4df036cc7c016eae57005f5b71d66eb4a86d3e2f'],-1.0,1.0
"['31737886c437747fb8b72698377ca7469f3cccd0', '9dfd07e340ee132da6505878ae10768bf0998b51']",0.0,1.0
['ee5df1da0b7c5f77c8bdbbb0c8d90144086c5507'],-1.0,1.0
['34db70a1919e4effaf2aef7f27f823dcd53a0cff'],1.0,0.0
['023e2b690303239aa9aa81137d59249f4a442a35'],0.0,0.0
['23f8a77717d50c4d5625fef10145710d6e3f0f71'],0.0,1.0
"['587eaf4f5b8776d885ea6af337fdc5fc70dccfb9', 'af202454ba429a655560825d438aa8e3bbb79691']",0.0,0.0
['9c649b7fa6ff4ce72e8515aa8042477528159016'],0.0,
['1ee479707b97b732e3791345df558a8a70201431'],0.0,0.0
"['4b916b26cfa1c12a8522a557952a6b195b3b23e2', '4e40fecbdd4b086ff668b9999a9e7b298948e5e9', 'fed57bdc3b0dc5e704dc6754dda5ee45506c9b89']",0.0,0.0
"['ff52f2c2b99994089ec59d4a6673ca670a9d34b3', 'ffad271748a185b9d9216ec378621408ec29ee4c']",1.0,1.0
['9f2bd6779a32b0123f6dac65051aa32372382d24'],1.0,1.0
"['078d21b6e2575b622c3f3dd2c17e18f2d46629cc', '9737b2375e94be0aaad346b2468c3f60743fdb7d', 'd1fcbca3b1963bce82a4ef245f0fb9afb58cf73a']",0.0,1.0
"['7680b65e3f9a4e51161e6f9b8965be306c889bd3', '89244f2497aadeb89a786927374a1b2bc886947c', 'ad1e4475afc521f5701dd73b4d742346516992ca']",1.0,1.0
['907a474fe29584dfcba2833fc345d25d6bf4444e'],-1.0,1.0
['ab3ccdf5f7ffecb9211612595941c79418626c2c'],-1.0,
"['8b19cd5bc014da15a2b78bc1b726916ddfb9e5e9', '9e8ff67544bca154b00cd7616b7bd9286c7b0ca2', 'dcaffbeafb899ec94d80b2cb47c46ba8ae60ccab']",-1.0,1.0
['581fbe56676237cfb94ceb60f6bd2788e4515ff5'],-1.0,
['d966f1fae2559873515d4faced02d7c2a7921621'],1.0,1.0
['48bb508f667a2de4e1107fa3e5574892aa321620'],1.0,1.0
['8060e7a73a712d79b4cc8fd9dc816f449764daf6'],-1.0,1.0
['57a564383683cb49440ed41ff4d268330b7caf1c'],-1.0,1.0
['9b8a4ba9574e005ce7ba14de3bd9772f658f6e66'],-1.0,0.0
"['24615cb8bfa219e529128865de3dc6e0572278ad', '6c3a33d6289a82d0b6f8a97f7fa16bab0d667854', '892ea304e72daa0aa8bded4717c21264f58936df', 'bec6a6d5adb414436d949e3170c1bce22bd7055a', 'f9d04dadad9025f8da5b9830f823450b841fb5e3']",-1.0,1.0
"['39923648feea60dd14dc68604d03f8ecdb69829e', '55d0e245ab92e9f75ac65ab0dbba502196351ae1', '586feb40717d7e1a20a5357616dfac4069304495', '7d905b41df3d4d0ddb94eecfb7192a7348cb4ff5', 'f7cf805651cbf38d596e4e92e71d4d982049ca23']",-1.0,
['815a701455284a923f2d4ee80a3e36c2ff119b67'],0.0,0.0
"['3fd26768d6f658240293d4301d37239e72552bb3', '4b773cefe9ffdecd04993e4652fb2e436bf57e08', '67ae1b6d5251079e08520ade1f73f78518500fc6', 'e2160cb3b92843633659d4bc099e6c3d0967f5fa', 'f34d2a53c8c5f6457ae7c85cc707abda1cb7cc90']",-1.0,1.0
"['02b0f938dd30b5ddfa38cc56018ef2cb5e7faef1', '02c12f758efe84a3aec67aacfe627d11607cd599', '79145bedf2e5211b87467e50c968608dc1d7a599', '86ec7e03b9c74caf6f203f76b40e2eb998936aef', '94f4faabd6f66398ed99127aaf565e9679bb1846']",0.0,
['41accc283d3d46fdd000073be3cda9ed4945aa59'],1.0,1.0
['b076d7e28c3f4f855cd796bcbb61863736f39b20'],1.0,1.0
['cd1fe2a2f8ba0474eecc217f2cf62f4ee811ad66'],1.0,1.0
['84eab314c9e748cd49143619ad11998ea5162007'],1.0,1.0
['60f249874edec69245c0b2d14ebc9c898ca0b47e'],1.0,1.0
"['43c04f32abbd979772cfaac6041e54512bdc2a26', '67a94d81d1e4d553c87e474b66bfebe8d520f175', '83770477e187fc3f2b834eba01e193f4aec4c863', 'e4f5a38e09decec690235af2912f770b8d2980ca']",1.0,1.0
['1c4f16f6a4f297a9c20810b062c32a674e7d997a'],-1.0,
['65624dbfc28442b58145215f524eb13aeb2cadf6'],-1.0,1.0
['d475a277eebaa7d91d1b070b169e205b4c533c4f'],-1.0,1.0
['e3eeb643f0b64107bcec01c9075f8bd9cefe58b3'],-1.0,1.0
['0c506cf1df22148a0688b679f27ed85d62d6486d'],-1.0,1.0
['55267560ca20b8e1ae1bb9173050611779673061'],-1.0,0.0
"['0616a60fd96199426d04cd75467906fca243af9c', '0c726cfe6b38df6ec5e1653ba4a8e5d046b0850d', '65b93c20b7be0008ba6d49a49f8119524451ef95', '86bfd2cc9f14b95c3b6376c6b723ddf77af3fc35']",-1.0,1.0
['744b94346aa586d54af7ff13bd2bf94faef41e84'],-1.0,1.0
"['315ffe7677d12b6515fe5c3239556cb2117341ee', '3f285fd4376da79ae1bff8e03bda7520de989e61']",-1.0,
['d8f1c10179e16efa64169cee7f5562c765cd94bd'],0.0,0.0
['1e8cc99ff3f3ef2a5deb408d6c15892796f603fa'],0.0,0.0
['2cb6972d1400f1661cf75e6959a58dca89ba6977'],0.0,0.0
['5542f874006236995e79c12f3d1a07b2b5979bc0'],0.0,0.0
"['6a7aae36e8d14532c1e6556d64c635bf1a04e858', 'aceb60ec1d33d3ce1fb49fb6fab74af3e3a1f0ac']",1.0,1.0
['a82c99489f2f04920dfd1dc2d5731bc4a557ddd8'],-1.0,1.0
['e0373c6ef1d48ee4d65071175194e0fd202011c9'],-1.0,1.0
"['5afb5ecc5c60ac1b138a9fec70a7a2f0d785d4d4', 'eef6001507e4c071c17aeff407e7f89392b31dd0', 'f03cf09596ec49bd963e4df1fcb7a14a6db5b8ad']",-1.0,1.0
['81b257f1506e6a2ce360e69fb10bbf44ac24329d'],-1.0,
"['03a1a014ae3f7feeb91246343c487962d061d9fb', '10552c23fc6c81b37bcfcba8f35430fc8d6a0ea8', 'a0e4ea9f56947e9e47397984566e3e0cb5c3561e']",-1.0,1.0
['25f0317a82551dd08d073930074e6e5c86a93d24'],1.0,1.0
['3b841180fa901bc30ca428c5e085010321aa2f9a'],1.0,1.0
['451d3346c741331dcda34ad511de62bbd8b48b52'],-1.0,1.0
['6bd84729cb0984b1fd30439a8de8ed4f014fca68'],0.0,1.0
['86b78629c3cdb00ba6518efb058c0eab4bf3e723'],1.0,1.0
"['6ccab1442cca047d0988e497bbef4cdccea113de', '8d738f64992f953e4674a5ac27b412df1311c91f', 'a424ba9b2d751f708f6360f00f76d08a91441f43', 'c88cc3e9660aea030b8235fcaa2dee3f015f60de']",1.0,1.0
"['5c8492d760f33e6b8793f3eabc1b24ae7647d152', '5ceade1b0ae95725e2861d1a6f1f4a4d9123cde7', '61d31a5494e0e91896d5e4261710962c7cabb6d4', '74e44078d7a9eff26db69f97da6582c968eb75b5', 'fd9c9eba8a3ec98c0faaebcf6ccd986dbe767e5b']",-1.0,
['4a9b4dfb69ea523c6a1a68a25e7fc2e602482e94'],1.0,1.0
['0e24a35b95ee846b72df035e0a59aa428837fdf7'],-1.0,1.0
"['3fcfd147e1ded397d4a6a3d46262366b241950b5', '6b80784bbae3bf37d10496ba891e0005564e040d']",-1.0,1.0
"['1724e9b9d725dac7d6702a11ba4c7d059782339b', 'b0df37114d48d914c5fde5ea69ef03fac25470a0', 'baab1851c750fd07109bb14d2befb6132d270cd4', 'cb9f7ba8e1463fe985d081eca5c0394ad46bd866']",-1.0,
['01c3640e5fd957fc946c25708cdd8c364f5a59ad'],1.0,1.0
['35aa24eb4c4bbb9ee8b6e7bd2c083d4584321f07'],1.0,1.0
"['0aed2b30550bbfcb01472d0c63928b1ce84571bd', '5f19926cb0778a30b4043f9ea9d111ae936f7a38', '654b4a8c6d297db6237f03b5116eff2b8cada5b7', 'f261799e64feb2a9d75af63abd217938d7c3995d']",1.0,1.0
['ea0cb12256043f68b3722feda5af402c0203f6ce'],1.0,1.0
"['5f33115445d0ca2f742eb90c9d66c16e85805b58', '80a6f0ae0880914f972b24a11216eed25d873576']",0.0,0.0
['ee0ce0d8f4eecede189ee85cf51a64519ffa5c80'],-1.0,
"['053d2643f006cb26568ca3a8864e70307cea7b8f', '3b1be101654bb8f40ad3b2eddd3e6ae19d9b8deb', '6ba21750aff78f453f49c948465ed1e64719dd31']",0.0,0.0
['2c17bfc20cf2140adf2d7c3fff0f02db6799b93e'],-1.0,
"['81dd7e95cd44f64f5ff8e0e661cec9b33355e0bf', 'c99f65c4dc7fcc03fea6247d0540c5e287206f5f']",0.0,0.0
"['2e084531cae7405ee97d19a708b7e50595a86cd7', '4fb53c8256fc5b770255b47d9b60cdc540b9838b', '5dd5af672c0d18837fea1cae363af3d6d6e3c53d', '8b9b36454c7aa8ec07e96adaea81fa09dadf52f1']",0.0,1.0
"['02bb64446e697c632accda8bc55e4949e6db12da', '2f2d1ea86dcaf4f61d41331c9be0336e775f1b42', '4058d977b802ea5041e579ba984433b1a0f8ad35', '632f5be5e97253e4936499b7be01cd7681c726b1', 'be4ffb274aea5d6918bffa6be957275c5206ab36']",-1.0,
"['169dc4a59c41d75f539c78b6b1f31e3c98769893', '40b38b3067352af1061e57751d7f84e68dbcfda0', '40b38b3067352af1061e57751d7f84e68dbcfda0', 'ad88cd72b5ea350708911bbada9d913457c06dfe']",-1.0,
['f064d9ad838e499161599953ef4048d93cfeb43c'],1.0,1.0
['232addbd06c410d3191f210a3f3414a25b566b5f'],1.0,1.0
['73f11d69ea511d0893865617e588eec217bd86f0'],1.0,1.0
['6c458b04d20a2cef5d7c690b761661f49419b8a2'],1.0,1.0
['c1738b37c6321a2200bdf0056e87d1dda32560c4'],1.0,1.0
['29eb8bd2b426dbbb4f4f09ef60239fd489b20b23'],-1.0,1.0
"['715ee7b6a5504cf9a6dce43af3b15bd716dc33f9', 'a2d5d4f3da809a5dcb6a4f73278a64660235cdfe', 'b73ee54f02967aff1e13617065e62933636a4fc0']",1.0,1.0
['f7db5743f4f508f611fbdb7e8aa5fb99b41dd30a'],1.0,1.0
"['58907d74db201ad7518c20d53ce185af5aecb0bf', '8133f31b1e8463aecec8ced3e27817b05dfca53d', '893806d6adf44da70625ca12dd12f16cc9b0c8f3', 'e6428bf4980596d7c05eded80f327d755dfcd329', 'e6b363df5b4fb3829e8ad26825338ded1d76e7dd']",-1.0,1.0
['46cd0d17ee728c2ff28553e560b8d3458149f76c'],1.0,1.0
['9389edc4a738fd5dd302d9b5a2486520f0cf5311'],-1.0,
['fd3b4e279aa5e0cf11fda4b1f37d7ea8e935988b'],-1.0,
"['07be10bfa2bf09c6c99d81d8dee3278229901ad6', '1f039960ed179d9591872caa2f4db0f28a03cb99', '47d4d16539580aded917bad9618ce2c54a8707f5', 'c0a8e0f0e7377e2dac64000e98489c1a8373911b']",-1.0,1.0
['f8648ff602871647d7fe2ab53c8d12aa24836509'],-1.0,
['522b0ea3b97a67af3eef782274c14f58c6b4399a'],0.0,0.0
['7384f54873841c9e0693d9c70425c9a2c396c339'],-1.0,0.0
['8a84fc4b193ff3bab8c85d47083cad67f94d71bd'],0.0,1.0
['81ecc2561924220af0a046fb5256602b75d66b7a'],1.0,1.0
['188687d6a3a4dff2188af01b9cea890e0ba53305'],1.0,1.0
['33ead015b1f0ca99061df1c71147422e95678c3b'],1.0,1.0
['fbdb2093dda5f7d2b6bfa0c48405484dc69ab4b4'],1.0,1.0
['14a5d0fff7eed944a0c3da25583632d57a5ab3c1'],1.0,1.0
"['6dbe61708b31b660d6a15cd49bbf13c6c76f46e3', 'a2d3ea57dd98f03346ea88232831b5afc6a7f249', 'b4e91f648f0d7a0b46f753f70df02f2d22e9fa8d']",1.0,1.0
['cf911cef28720b25938ac19095bcd2b979806b1c'],1.0,1.0
['f38bab454aa032755ebf05e49f8490af0cb21f8b'],1.0,1.0
['1e70d95724e7883702d14255cf7614854cae051b'],1.0,1.0
['cf9b9274614fcb666464232ef5b7af5ba789f267'],1.0,1.0
"['cb81dd165490e569397b55c905f1eee59bd0dfb1', 'eac1470bbac4fef7fde8598a7dbca33de78e053d']",0.0,1.0
['00bab4bbad324f90269eb4a4d994ff30e2467aa0'],-1.0,1.0
['0aca709ada0a08d05ffd8a86524da2bf1085a7cf'],-1.0,1.0
"['15bbecb681df08c5a67e51db338d642ba39efd84', '7448e0515a44603d4a982581c0d4d708b939b2db']",-1.0,1.0
['7346fe9517b7968a2b780ea77b78c842c0c2ddc1'],-1.0,1.0
"['8c1bce278986ee62d36e7c3459c527e313ccc6eb', '97794661de46cc09f156b0e8881d876603b80454', 'a99b428a923e246172fb3276ca80d1a20df4cff5']",-1.0,1.0
['b461ecb76a3b0770e2ff384818848f303fc56e77'],-1.0,1.0
"['c3c5ecba885737ab78103d0be794d72edc780b59', 'c6f44366ec2c94b3e8e257e7571f693aaf2b7eac']",-1.0,1.0
['c40cd4552d01100ce22b3b1b3e9a9cd686d0c0f2'],-1.0,1.0
['d1a970434872bcb8fcab9fcb8e335de32cf76bac'],-1.0,
['d395ae9a3e3c153da1143940e07888a8138445f6'],-1.0,
"['d5d59b39ce5e12cc29b0a61dc3a8db22385057cc', 'ff020a536ad4ca207ab675745288d2a4ee0830ec']",-1.0,
['e184deab87d9006ea1dc7e7ecff9e1da0c223343'],-1.0,
"['44653d3bbfa99c232123012186e49588e4aa912d', '4fe165846598d7999224833396547a96fd4675fb', '864a7b8a37f1a1eb892b3119ed886c6f602e0c7a', 'e7a94a09085ad4e4348d2718fc2d7ecac8edaed6', 'f33f5605ba4a6684ac4af61b5d2d1d75ddfdb6d2']",-1.0,1.0
['d47aca18c4bb199feb1cd4674defaa27ce71ee85'],-1.0,
['f8e04f980641a5ed033a845b03767637da7a5d0b'],-1.0,
"['2163d5b060e157d9f74586841957ca3f0ce52afc', 'd764eef5a2a438387824ef26b90c93193cc5490a']",1.0,1.0
"['0dae060e072380db11a5070a0783e5d13eba7c4a', '7fd65affabd9ab49b254fefce968a9eafabf1fbf', '88442e6f94e30bb54205fd2156c07b160b37b25f', 'f1ce966e6b74e9d57dba1133590039937300a117', 'faf32a7cfbaf568bbfeb4f2572ea96b6a30d231e']",-1.0,1.0
['4eac846c20512455b28b98427189fd4817437e44'],-1.0,
['690f3515dc52fda5ce528048350b6cd8c5cfe83f'],-1.0,
['f830f77436664f0b66c82bfa9d57a994caedfa2c'],-1.0,
['ee4a00ff4a2b525e2b624206752f35835f5715a7'],0.0,1.0
"['02b2b9ccbc7073a3a0adef28d30d4c91978a6324', 'f466b8a79252e248edafb186fe78c377e652240e']",1.0,1.0
['687a1844b9cf9eca62f7588a3be8cf2587862dfa'],-1.0,1.0
"['1e43c780131ddb9907b12d5cf909d2d8bf9ff0f3', '3b93c9dde94f371c3cde73836a4d8bff2628380c']",-1.0,1.0
['324b4d1e6db1a5e76c3702d8b39d7c8789ae9311'],-1.0,0.0
"['0595f968b9f904e11b52690bb07d4fe02d424118', '50d9d9b84672cfda479c456b619792d8e4fda927', '7a7c92ae283e9bff1ee7075c9765d725b89ec93e', 'b275e9e3ee6432d0e66b9952f7135cc2893e6f42', 'd06def01ff760c5893527e513713bf3504b0e979']",-1.0,
"['208a10619c372221f17b6b82dc324e9a535099b0', 'bfcaf7ef1ad1c834fee22d1f69b410e4dffbe2e3', 'f8a60727750559e4cb33ec37054b08a593b6d706']",-1.0,1.0
['8238007c17806aed231f3731e8e664ba35b7bf2a'],-1.0,1.0
['570803c272d1d72b935b6eed8c0b34f0d703c371'],-1.0,1.0
"['2c3691d45757e4aeba56c53ba1abcbbc894ba6d6', '69e68634d76a3f62db59b33d402d75b1dfa16507', 'afd7f6e17471d1098be1b539dcccde8fd3c20a08']",0.0,1.0
"['10a7011a6fc6a323a03266ac46ae28957a7ecc9e', '2730e216ca1bb8f227d2779ecc28a394869b837a', '9befde7be5b37c228c5638940ea1c9718d108209', '9befde7be5b37c228c5638940ea1c9718d108209']",0.0,1.0
['7a5390d93675f7ecb77b418b77e9fa533282ff23'],0.0,1.0
['64dbc2892759c92460c1a4733f85ea3746ba8bd9'],0.0,0.0
"['3f7f323556edd0026ce03b7e15b44dea5cab5963', '3f7f323556edd0026ce03b7e15b44dea5cab5963', '7e287a02bf2dd603103aec048a64f1be38d889de']",0.0,1.0
"['172df3219af525b2faba47da1ea0ebda7718523b', 'e52c53a7f25bf4bd47c226b4a59d24d96094ca49']",0.0,1.0
['6187ee631b1abae799fe038d111a993c1d6ada71'],0.0,
['43b72537dcbd8770f48fc2a92612b44717d809c1'],0.0,
['c7697c6e0aee50d8658dde525a730ab79fef7c93'],0.0,
['de5396ac92c460323e6bde4bef91e83db3ed845b'],0.0,
['af5d10969559ac193cf6071d37815580ab639cfe'],1.0,
['a02c074ba9b5da98b305d31cea3d9936e700b730'],1.0,1.0
['60de05d77d5d81607ddba536efe29a9adfe38dea'],1.0,1.0
['693b508b1de706bf2d5ce7cd0fca3ced31f8043b'],1.0,1.0
"['336a10b6c4add113b3ef4889f0af9d047c1f5b49', 'a132a9bd99776dd9af6a8de3964438d5671cdc69']",1.0,1.0
"['10822ce7307bec2c5f1533173ae6880e64ccc122', 'e115b5aa72f90bd5c6700cbd1762ebce8591d59a', 'ed3911b7aae3ffea776c6d2a0b38e2ca44a821ed']",1.0,1.0
['10c9128eb2b8c17a66fdf6563129a9f22d81c787'],1.0,
['d659d2580a0ecef56b37c4eafcd4f68a424a2cd3'],-1.0,0.0
"['084a6e24d5c852343c03e90191f7a6d05f4d3daa', '0d5f87c8e1a8dc6b373844cc05c2249cea2b2a2e', '3e10adfa013a089fa036b5b73d0bf146ae1ba05e', '4e327d694173322aaf07a5a2315e1e24939911b3', 'b1f5fb0a6d5e94da841bcec6cb05790dae640da4']",-1.0,1.0
"['52d34ae38b242997b2a9615e1b67030ad7f9daf4', '5f99be72e8ed8bdcd5a1e4ced6491ad8fa1f9956', '8f9102731137efb1c5f002c6358a4de2d92c2bf8', 'd4cb3cc98f33327e75e41ad81f39ff88d4f43340', 'dbb21a90d95f9ae2977ff44703e3ca642dfe8d81']",0.0,0.0
['583f5ba0ee714778e10c206be05cf78e2112572f'],0.0,
"['23ca2f4caae57909c0ef56329b34fd807cae041e', '32c31522141b841d3934a510a1dc439901968744', '6e2a9940e0347bad15e499bce0bd2ac4e00af842', 'a46c74e6bd3247c667b3a9a42877b9d592bdb1e1', 'ad5d6475a4c0124fc8fdcbfe5cf0ee6f3eef4689']",-1.0,
"['00c7a0575e8209ce70edbfe6a3037da9b833d3ee', '693f8ad3efbdec3c7238e10f53efd3acd80a25ce']",-1.0,
['99acd46c481b07b457530dd7d3c6975ea93bfc4c'],-1.0,
"['2c9a83a24f18ddc7db5db77fea1cb2676787387a', '61b69655b0be3d1c96db925bd51a543e5d156940']",-1.0,
['994ae72356d2db64cbc24ad436e71953c2691e17'],-1.0,
['ce78ede1b05c5de44e721ac262493a32afa77146'],-1.0,1.0
['3985e33b439c8d36836705ac72853ae010f29b42'],0.0,0.0
['39aa3cfc2ab7e3266d725556df4f4ca7c1bf61b1'],0.0,0.0
"['004ed44755426decf384d43326fcb3bacb5a23db', '98d70aec3cebb54cc4e8f792e9f3b73817f969a0']",1.0,0.0
['26524e96f7949dec958249749b640cd6210d5245'],-1.0,1.0
"['3cc9f46ce575179e08d44527d300420c27afdffc', 'd25b720c06925f243f7aee2f8fd59ae17f1a3ff9']",1.0,1.0
"['6fc7afe4139fcabc2b30a68736ac4f6259e02d7a', 'a520e434f7d30f1adc82393357dda69aee54c4d6']",-1.0,1.0
"['1935981edaadb9973681e623128671365c0eb72e', '6f6bf9e7763a0c9f3b1a0425dbbced3cb9ad8914', '9945b210b424a45f82049d481511cf037d7abe00', 'cb219911306bc87c3d409c03d0790410bd78f856', 'cb219911306bc87c3d409c03d0790410bd78f856']",-1.0,
['5121258bc5ebdfb7bc215996fc3b9f5f39bee7f4'],1.0,1.0
"['33401a15f01db141ef0acba7a1c505cb3674761c', '650a92ac9c8517c537ba85f48bcfd7eede82a248']",1.0,1.0
['1bc8f23232ea0960d32f7ffa34f86c80b8d4e403'],1.0,1.0
['729b5a8341a581775321e984eff10b384b535ea2'],1.0,1.0
['02d28e02e35d28437503033c7fd1336227a1dc4e'],1.0,1.0
"['365c1910d91fd2c2343fddcf0c815203cd8d5775', '37aa21d8db8a1e2e303100f6188b4a68e996e5ac', '78c278189169c47ab5c3b2f559fabcac5db6925a', 'b763d6737cf25b94dd94a37ed360cdd61d275a8f', 'bf9d03e682305ef12b8ae6d9c44d3e5626fa8c16']",-1.0,1.0
['936599b2cbe86fb995700039076dbc501bffab77'],0.0,1.0
['de766ca3c0af1833333a670f71383cbc9ca05713'],1.0,1.0
['448f3c84a7a45d70681561735b376ccbe6a55ff0'],1.0,
"['0806f91b14826034664b8fb61bace47b5ccba49c', '6529332c747a169dcaf000132ed8316e5f297f5f']",-1.0,
['3d84cfe1186052ead1ab3263df6410f7897d5291'],-1.0,
['64b3e83f809f9472ddce73fd22aac850a0ee9d9a'],-1.0,
['cc292b7937de066ed317d9f372955680f37f67c8'],-1.0,
"['293310a7a5dd533edadc3c9b47001650b327e9ec', '98ee105688b85dab4df402401021346ed8889638']",0.0,1.0
['51b0e3c3298c32b99413cd5eef95e00a6fba0704'],-1.0,1.0
['d02219608db31fff9755f3476b1ceff7b98ea4e6'],-1.0,1.0
"['011edfa9dcc08ee0fd0793487c7d94f8d1f7b050', '12fa128fccb50abc03f7288ca6e1bd48d54fe0ce', '33e930a76ffa86b0cf568982b85eddd6b9a4ca35', '4a152ecc9a57124ea7c5da5d5ad244ab774fb06c']",-1.0,1.0
['6a057ed9c4ab0e88452ee546c33f8505aa1bbb2c'],-1.0,1.0
"['6b9d4285f53ae0d44c04cc19c19c035cd2521e6e', 'bb859995382d5143e7082cc95af999f99cc98e83', 'bb859995382d5143e7082cc95af999f99cc98e83', 'd044f58ae58c6746a9025b8ff2624cb63c46aa86']",-1.0,1.0
['eb33748e8d4da7e8b2f0d3463ea2ba0df877962f'],-1.0,
['e298411940e077f386143a05b6bd8bf8db24012d'],-1.0,
['37259d216d7256e930fa954c2357a349933c39c3'],1.0,1.0
['9d48ca12989b7af429bf9e4e0154bfbd1eb63195'],1.0,1.0
['cc1bb8d5df92ac85dfe809c8190cf6921288c257'],0.0,0.0
"['4adf502846bbbce947afa7cb94bbd80ba003eedb', '662e563a2bb9edcd4402b00089a091a216c170fb']",0.0,0.0
['b3da8d26ef884d2bd2f11fdd9fe4bb5c0acb700e'],0.0,0.0
"['65575bf8a7c97ea71dc760c3c5aed37f431d1f3c', 'b2913fcd37e7b35ffc27545c06f1325b0bb90f30']",1.0,1.0
"['4bf21ab15e9adb0b1dd8c4d3993d6d3ea4c1c6a3', '8829fddb32f20e7137922c2aa5d8c5a6f47fbb98', '93acc306d0d465baca697a890f0729144271dd64']",0.0,1.0
"['16e27fa9343b886054916e67117005eb5e7b2512', '6c0234d6170bce190cab3209a3666886590cc453']",-1.0,0.0
['2250e9b5670052889c32e7efd09ad519397c93e4'],-1.0,
['ded08d5fe6e4e5181e1ed50b7d40233777909002'],0.0,0.0
['de68820e76f06c8aeb1db74fda0f2c4d04b3fd7c'],0.0,0.0
"['22da7c750ef288001d31e3b68822d53de02c6e1e', '40fa021fc115fdfa61a34f3bfc5f94cff4899d21', '912d5f3547f26e182f9336153ac3bbb3bc7b59e0', '95552c401964d079912b79cc8bc1275e4ab11cbe', 'cb5ceec15060d597470f56ce1eb2e68153583fb9']",-1.0,1.0
"['9760ea29537ce7753e6e0d516865e70142db5824', 'b3ce08f1b509ddfb2325427ddc348e3863a9aa38', 'b7086aaa3a76b249351f5edff543ff950f4f6c7e', 'df4f243894f3754a105f29e260f0e35d8a3756da', 'f0c72cb7fd5372220d40cc021867350cafd84fc7']",1.0,
