cm_,merged_PR
['d2737419f428576aec73225af3f2c93b7c8fecca'],1.0
['e1e6d3438b376393e7cf09b17c322a64f51d1cf1'],0.0
"['d78f8c8c7fc7f78cebe0e549bb7107b223e4dc25', 'd92d28dde1b72491ace641bf50ffdda50354390e']",1.0
['b74490e4f25ef26de3906cd5cd9ca0193e873372'],1.0
['bfc366b798421f371aa45cfe8940332eaac210b8'],0.0
['e53d2325d52f42c4646696a4db7af472c3a1ec7b'],1.0
['3cb491f327de27d2d5106f4340e7b36c70cb9403'],1.0
"['0853cdffa2f09f02e854baed35c3323b6b35006f', '0c62e141a3fc9b2d00935bb99d2d5f465e1a4fb4', '4ca9fa11f9a9b5604371f260515c28a0f29cd921', '87b6e6aa4328f16edd68978079f473169cceecbd', 'a9764dcc07cf9d6280b313da734d98e096b7d122']",1.0
['fd9a212447883267b10696a70a0a6f822b7d4176'],0.0
['733d54cd9b22c42dd74d82615a5fe33513427b8b'],0.0
"['302eba7772c2f5b0acf83a340ff78daecd69dead', 'f78e21512c45f71e8be845a4c4032d59689dfcb8']",0.0
['2e116097478766b1cb211f2d9548a80c1ccec6a5'],0.0
['e633e98ab4069c90d7ab8054e9feb85f440d208b'],0.0
['fbc44e76b18913cb663409806a7345ac880cbcc4'],0.0
['6462ef524bebc516a2f837c62c989d0ce516c410'],0.0
"['1a36be390e83156940e6bd3e394152496a6c8e72', '771bacc97471db55afe2cacdf7e1f17d5b4cf45b', '8787c6b0f675f64661b3599cac2a259f0f3a0d06', 'ad790d72073ad501dcbe2beb5d349f81a9145e18']",0.0
['0cf5345ddb0998ded5739d1f621084e3fe2598dd'],0.0
['2bacf8a5f0b81a353eeaa89c3b6cd4374c77a17d'],0.0
['739f8fc95d4a34ec2b9a294b2294d1e16292fdf2'],0.0
['21f64712ed88bb6033b117b9b89e7fb42456fd77'],0.0
['97ce16f3b01f3ca232a498bec4a66902f383363e'],0.0
['0ac0ae602925c889a52eb3ab9b0c6d5755e9d672'],0.0
['576e934a1cc66ba43ab7eadd0b23ddbbd4713064'],0.0
['210f819116cb44254f458b4cc8d798dbd49f6a51'],0.0
['41fb7ae22255640a03147e72de07e4b7222c703e'],0.0
"['80becae4ce1d589c9f5d00177467a436c6c8e6cc', 'f618c8b34d34591b996d53d73700f3db0b1cbfb9']",0.0
['95523076f1c250e21b8b5ce19623291b6ea76df5'],0.0
['1f81fa44ace22e6e9ee6354627ce1337a9e4f102'],0.0
"['430a2f728d93a4af6958b2eba8f8998c084b2255', '767aef30dce654229186fcf87b9923e36f3a90ad', '86ed3a0ca6cb7dc72146501c8ee0222269d92ed7']",0.0
"['048695fa7e9957ee0df3711463f3128e0ed7a40f', '12d85837cd65c84412b2fae1c5988d31601d5241', '1b84b5877cfb0c40550f8559d018983cb50f763f', '97148aaadb07a965f96dab0c6ef965197aa0188b', '9c6527e3e4927963238b802fb567799497d193ef']",0.0
['b47da9814a7eda7c8700614886e18ee89ec1d9e2'],1.0
['2ef5583d323145693a4d670af3910b6a0b0d827c'],0.0
"['156248a8b8faee4851254e7d37eb5fc9e529502f', 'ae96697c8bef34b670d3ec995ae21f462d6a6b13']",0.0
['dd435da5b380fdc302570a9225f189e7e313f01f'],1.0
['422e54c8b36ba7890cd811482916a22597c9122d'],0.0
['ee7fb923d484f1dfe19e10210e7bde0a753ff2f5'],1.0
['f16e0e08bb1b2c07790de49cfad02ac1bb014b6d'],0.0
['d4dca25d9db2e53c20d699d8da85c74a8273390a'],1.0
['d4d9076ac701b47a032e63096a81b79afa39a347'],1.0
['3ec34fbdf9dfb7f0c5ab76f1420dc5111bcfa1cd'],0.0
['23c5af50cb2132ca7ea2b93cd5c957538f9c88e3'],0.0
"['09fcac95d7d263b054fa0c9a168da2789ce8ae06', '4bb14b0daafb9b1c3d0d5c041703c9242b27adc6']",1.0
"['aee7f1b442f543647ae6544798f83986bbef5faf', 'e0beaf5d242b2d6c2b1d9a9189005cadba8b8306', 'f3e583c9f02dde65cd38f360d01b3766c37e0926']",0.0
"['2176f4b30c9f4ea57a0fd4182808976b64202ab0', '6ffb3e6021aa537d2b36c9f240bf2264ef6f5340', '9ccc5e104287e45b21e4129991b1e507aa1a7dff']",1.0
['2a0b59a8c4a7c363fb61f0274c8581474feda690'],0.0
['fdb10597952614456b45460202c0b7c7b8833ecd'],0.0
['7a98bc9dfd1f64b128e81ec90fb8529637ae3c65'],0.0
['be25e1d1aa98076eecb4a88f0d604ecc3afbbe75'],0.0
['6bec95492258283749a94b28d919ed031f4b8edb'],0.0
['3f64f1edd96a634da3eec6795c80b57c6d9e0b3f'],0.0
['939b896a06c0cff661076d0ca3fbe8c1d5552e83'],1.0
['37c77f905f1edcbbf51fd7d340dfaf79e0e24556'],0.0
['f01f03e96390fb493830337571de578241619d4f'],1.0
['8e02dcdf4eb53aa741c73bf9cfa757ba401d2a27'],0.0
['e2589989d052da6f643081cd1eab994268d9c899'],1.0
['f2a87275465508de67c04b23d85795ef9b69e87f'],0.0
['0f8f75c81a805b9e6721ee1a05b1f92263e62ff9'],1.0
['513331d114b4ad683e85c0158f7f596cad315cb5'],1.0
['3812353845fa91bb500691aced10533730c07801'],1.0
['667274edacabcfc7318832ed3048d8e118d6e3be'],1.0
['f354ad1b69188009b5dc2827f19f634730fcf923'],1.0
"['dc142f9cd4d6341df28350ef4065c40f21e1f586', 'e8e92c7264511f19e5cf48006a55a02358f838fd']",1.0
['b0f1cd8719c2c75ebeddb376312fa4bf8c1c9c22'],1.0
['5e5290586f37d6c8858b183275a270daabf9b751'],1.0
['904c473150c0b7ed5e43f615d2fe886298420e05'],0.0
['f9be80f51c07e4fff3cde3d42ceb85c3a85d823e'],1.0
['c23e06c9691fb10db2c749be8a824cb43e9de4f6'],1.0
['e4d7b1618ab2cebb94a57c629d8852444c49f27d'],0.0
['f1eef94cc4b05965bb2872fa7b8ebc4ce97cd0e7'],0.0
"['2bdfc11adc1d672fd96358685a371b87392f9696', '94e36385c2e85aaaa43cdf626ef7c3a715ee5e51']",0.0
['fd416c4336ff46367a05f241430b132e1dae07b9'],1.0
"['135d8a0dc100f10ffa57fb4ed877fc1cc29c7608', '417c625ab210ecfd6bb555fbec891fb9c3a40736']",1.0
['c70c42891e316dc2370ac5d532d5ad151ca169e1'],0.0
"['0fb33f3fda3958865fb62969ea6898acf7016aaf', 'b2ae07f0b218b7e92be1e8d7c23f9f9fb7aae56e']",0.0
['40cc0caa54d0777d97c6f34c9ba229a260f89263'],0.0
['8fc85d01ccfc8c3f8b1bae5c260b04ba7382a59f'],0.0
['bebb02fd1c5ea0e8da9fb61eefcbb6ec8b9ab11f'],1.0
"['7c74759fe64b5543e48284c98b665abba5c57c3e', '81d47c074c0e4c7d0005779e802f8c9e56bb9719', '897703ae22f7ffabefb9fe9f26fe33881ee8be8c', 'e682293225595f44fbe3189ebaa762f542c9e58c']",0.0
['02ead6437eff88d01695e4ed0aac27f91284ad3b'],0.0
['1044e1d936f8f269b53e16ed78c77a83828b3c05'],0.0
['40ffaf775e00e83c1cbaba9b4d668a4c8c37c5c1'],1.0
['3b24aa9fd3c194be3f8ba998dac9fd2ab3c6e54f'],0.0
['a98dc2bf89c4739ad74ab3c5c91bfee0b94591a2'],1.0
"['139e4b43ab90045d05b71581e6e53b398acb826b', 'e5b4e3bec213ca2eecb5fc2be5551a1fda1b8f03']",0.0
['4a3fd7159bf6b8442091a3eb82f4129236f2368c'],0.0
['b2ea8310734b734c29b806f272c866045fc9bca7'],1.0
['3b308f3321bada45eaad78ee14219dd5d98106fb'],1.0
['717a771d106921469a6ff287b1a521928abadedc'],1.0
"['7fc339059cbace0af8f8dbfb5c68db3f5dffd5a3', '8fccbc1ad4fff215c63d17b9321fc69ad17e89dc']",1.0
['328ae33d78103de242e9d64fa471c64a76aae348'],1.0
['e18f045b6518d555f14ac84f39aa4177ea51185d'],1.0
['476e3f552f59d208cb284f509760b44ad780c17a'],1.0
['b13a00ede657aea3673cecc2e40f4b3d26d51e79'],0.0
['ff4ba6dca70b1333bf00cbfd5f0469d9b2913cb5'],0.0
['4d6270495d0d0196a78502a46822c5dae35cf652'],0.0
['2d9b77494077da456f860792e9607ee3d5c25dc3'],0.0
['fc4084fc5bdf60c46824094f4d6a362304c047f6'],0.0
['7cd0b7982520e410494e834edaa9be855d2920ad'],0.0
['c5f8fe9379dc144a54ceb5663aa449d35d1bf405'],1.0
['0731ddaa617c12b51ed326133cb0139e0af6a377'],0.0
['a07354d9eb95e8a91f8874c4840ad3f66e351925'],1.0
"['391015e238f292e67a163b40c861ffa6c1623513', 'ff2fbe2708daba3d26a5d4ac212de2f13724fc2f']",1.0
['d9d949805d230cdfa5eeb4b0b3d9645382f67cd3'],0.0
['bf6ae75f03763185c26128b2f649f359779e9075'],0.0
['bf64de91c1cba8ed1ddd3e25c760f9d320a3eaa4'],0.0
"['0d3b5fc0f5e1a208d0666985f68ed6418ba7e8b4', '1ce2f9a55c21873f334e0c3cbc70e1b56f442442', 'ccdb23d500b87dd2580ef0dde5052c842e59de00']",1.0
['a028d3f7754f64d27119c57dda288804371b74fc'],1.0
"['35bf8e90b18954fb1ebf2b4a03a123e04634b064', '6ff593ef87f0a63e41022cbb3542ff8319e5a630']",1.0
"['1996fbe2a3e46ff5698bfa3812afb7f42cdfa899', '1edc7263c897f92b019d469b2861eb92419308da', '21f7dadbffdf4532e4401f1cbfa1771a8e5750da', 'edf5da4b6c14eddc1fb540d8e7eec97c23baf12f']",1.0
"['35a70f84225537f0bdba46d9d0bacea0a7d764e8', '3e6d03d99e47e3b567e7409d8def3feea36a0c47', '7db360acb2efa64af5fbfb82036588cf7a0f20fa']",1.0
['7e229f7430122461538ea6a0a3feb34c8d9eb87a'],1.0
['e50debf1ae0c7211f48b93693ec7e49eafd1e487'],1.0
['b1956ef7594d2b9e9b403147326e676e909ba032'],0.0
['34a3d425ea78786c63757028257b63b895e60960'],0.0
['7a2c539911fb56234c05158b6679f3be6eabf1ec'],1.0
['52176e4ce8e7373eb6e1b5dc5989c5c0db6373f3'],0.0
['50a3e482ad23091890139d990cced9027a9a0d77'],0.0
['ddc1b02f99dc2f9779db731eec2e2f53a17ae253'],0.0
['e616e8d182193c4e8da9154bdc2acac235c39432'],0.0
['27932cc76a687e4a7822372e2ab2cde6c53c4ec3'],0.0
['33d92bf69ec5e6f385612b69a6295f5a80332ef8'],1.0
['e4d198f87da4e16858d4d55ee93fe5e41cbcbce4'],0.0
['0eaae0291b3d4520e35d6f98c587ff7575a4dc0f'],0.0
"['2bdbe31c0e44d7b7edff8f18c55767eedb1499d2', 'bb1d633ceed170574f3079774febb676575953e1', 'e4953d310c90b8a64e541a3bc12bee2062020c6c']",0.0
['0c3c2279e7f9b92f606356debc2efe0a93752a69'],1.0
['992d87db02507363a4ad4ab40a3e4c4b32cf0408'],1.0
['8786a3efc106502ae1ca47dbf595630698e2f103'],0.0
['309ce680bba5a68f54d15ae1169597e68a1468a8'],0.0
['e1f6821105a23fe4dc6e37903fb642a253e89e81'],1.0
['b3b17d257ba631bec0208bad17aabef6d1a64a19'],1.0
"['1c2c5527032f7a79aff53d29e9640e27957f1b49', 'b97035df64f5b2f912425c4a7fcb6e6bb3ddab8d', 'db95c7dcebcd240ba46cc5df4eb2b8f240f497bb']",1.0
['b7d0c9f1e01090f04f0ca08fb4749f7af6a97015'],0.0
['3c00be5ae4b6d43e341d941331784e29d69c97f8'],0.0
['cdbc2a66e380651a89646b561b48c5c3ea1b2db1'],0.0
['de47fc2c228d9d2dc494954a6897329ddb447349'],1.0
['7116a473b19327cb8a4a787a5313ffb6b36f7dcc'],1.0
['5c1cb0e94376ce31dcac35fe511523eb836c1f85'],0.0
['d4f0f836f5341ce17765a9bb40b08434ae7970e9'],0.0
['4c15ed775304abd9e3e41afef4e7fec4077f699b'],1.0
['a13d51ae96367dcb9c9670f27d817b25e6fa460c'],0.0
['b69a6c3214800dafb4d467e8181dfaeb4f98ab4f'],1.0
['4d70bf2210e40a6f650636fae916b6090208fb43'],0.0
"['0a4b8e8e0d6d51c4661d6c7cca437ceb4f66860f', '18e79c108202c8f80d691e98a67c5369c5d8831f']",0.0
"['abd2a7d5d21a366b5cb1e829a99891b7e5d17682', 'f8cb6f8a9cde0a7763a210a97c334c8f236ba014']",0.0
"['7f5c3a4c9f0e7a1f30669ad28af4516e13ba65bc', '851731f98c3237056a10151c3f648478e2c7c173']",0.0
"['0ffd9e2789912a5ab3cab72d16648a530875272f', '21d95cbc1888829ffeb3d56a93f3066bd83c47ef']",0.0
['135e6b28de23cdb38da327a4d0ada16529696090'],0.0
['eed34e2251fbaa03d86402f7d80ecc3f8a62fb51'],0.0
['d5867a01a82d14216541c8bfc38e466b02580376'],1.0
['ad14dfff17697e9adc3532c501a349727b159cb2'],0.0
['525f7a8e0e006f8ff8272618cc680fdf7e65a4b9'],0.0
['75f3584d9b87097377b312d35bd124686723ce4a'],0.0
"['0771736d7387abcadc6e932aa0ffe17156c07ccd', 'a1bf1d5302c1abf0e486dc35b47d88be774a3a0f']",0.0
['2c649b0680f9c819e45230476baca460c7682038'],0.0
['eab8371e00b1285f3ac3da7096879269f5d628e7'],0.0
['6758f741cd0f97d5c61effa0fecaf876fa05d19b'],0.0
['8f0460d7468bc5d2a63acc2494b356ac7a0d5a22'],1.0
['fc092a9cba5fceec38358072e50e09250cf58840'],1.0
['fb8a830a329b78a5863c1dbfb70a4005d3de60ec'],1.0
['424da34bf0dd17ea4c8a0374cca7df4fa2cf0c3b'],0.0
['8ce2c647d1c42c3fa738684dec2fd2923c30858d'],1.0
['6cbc6949f8cdb0eac29f7f37c44aff0d67c37957'],0.0
['050156a2fd82946536302d51e411fb1caea06e14'],0.0
['2b39b5bfa16821d735049f50aa32aea8dd2f7e23'],1.0
['8c3c40593d39797f7ea93bd6b00f94327cb9dfac'],0.0
['f551d7c4c7fd759b5ae03d020b8bc05ac689b117'],0.0
"['55c40c0ecec50936c439548b440216c62aa4ccbb', 'c3a4ab71aa1ae88208bd9f731f18ff9988e2d758']",1.0
['a9dabd6939f99148750854b09bbb0eeeaed21d51'],1.0
['b94a82b66a0d91473fac2229f2cbf5312b66f6da'],0.0
['fa891a2b9dd5548d17ce3609d64142b6e31d2410'],1.0
"['2eb8655b5a69c8c064b4dd2e397d7a4aeaeafde4', '961776832d13b4cea7f67aface2c2882416ac975']",1.0
['9c7eb4085824aefc98f5f3157a3ce00c9c4e4fe5'],1.0
['9826b24242ba4712ecbb71e19fe56982506ee17f'],1.0
"['031487568d8f1e8147602dd42c877f475bdc046c', 'bd1b24199a71f7b2a171cce69b8e0e9b1c77f8b2']",1.0
['f8ab3ae18fbb5c4a4c9563296d0e7c528e754c42'],1.0
"['2b15d35a439a16579d592c074a018db136353e52', '31f1c39852a02e600c85fc77934f90a64bed68c2', '5654366a19a41e199a4d071e9e66813cf99c5972', '65cda403d136db58dcab33109ba6f44a3649351d', '8bb47932a454e0296411725979b601ab505dfd1c', '8fae81ec967067cd7883d0adfa28338bc76c6657', 'c6cfa5992755710638bbd4ac54251c423a34dce8', 'e563e69b7161135364d21f26031347de649edeaf']",1.0
['d656097734928e1f6b3c3bd884e128c4e299f2ec'],1.0
"['1821653fef63ae181f859236ec76f90a8e53b639', '632611aef7762f6daf8f50128b2ba28df8f4d3e8', '8fb2dbdd8bd7c48b0d9de1067ae6343c806f096e', 'be2d94880e8dbfab0b57d302dde2996fc7f3882b', 'ed4d013205b6e3dfdd455c999678c67445852985', 'ff282a971a6dfa2f7db201c5d0f261f4e33ece79']",1.0
['a299e012ebf4e88dfa309556569d0bb986af895b'],1.0
"['1dc9e1ce7f7e51491ce186b7da2965951d73307d', '872b3c91b3d6bd5b418463cb92ecc05bce39649d']",1.0
['a3e4c150486941c05a96c42de074372de4e401c0'],0.0
['251840f20adca3b727a3c3a659a5ce9db47ff260'],1.0
['22b2cf3fb1cc9f4f853c8fe8d73dd6657217c226'],0.0
['3c217faa860d70bb26912864bfd1eca76142b1b9'],0.0
['c7c7638f70476fe74fea1db46745b17c00795faa'],0.0
['d61241b0600c233b9f93ceaa2a009d8ac0b41d5f'],1.0
['933fa66f2cbc7fa35eac6a62df3887ecbb6bb067'],0.0
['e579c7430ab94d1bf31b91d3973b26ab69c8503c'],1.0
['19610f7b3abbc6f5a8d18472104d4799a9795336'],1.0
['42e9eed9ba5fa2a25f9e05ac2c8ad960ae30cc7b'],0.0
['837e40dcac023319a0bfc38240761d4352b73b99'],0.0
['1e4ca06c4898a61969a9f3375252d6a5c2087ac0'],0.0
['836f6f17475279748469348f990f998f534fd439'],0.0
"['87f0e6719f8646ae5c5fdcad5c1b7757a36c3ed3', 'a42ca131a539a80d687b352a90ad2d665e59e0bc']",0.0
['2149cd1972cac993404daf338d5a8a090b545e0b'],0.0
['d25321b35328742ab97c08e7b1ed3cadeca5739b'],0.0
['691709dd6741757e5c4459c8942857ee019b68a0'],1.0
['9e615634745dc81598e7b880d52411338d3a7a93'],0.0
['84c9f4164bbd5f3d2697949bdd2cdbd15ce6091e'],1.0
"['69682f308b6a9576713114f3d9507be92f6074ef', 'cbadeeb969fe806dff68c0e5470ac551a31a7b19']",0.0
['b32ba367f584a6298fb8b7eef97be15388b5bd87'],1.0
['1f6a9b50ee26d6c4520a416c66ef999d92570698'],1.0
['38f8872aa5fd8f0a1d0895e9eb41f73261acd040'],1.0
['44249b29e74e3c87755163532174ba30df580eed'],1.0
['7aae4e5e667e9d38a8db81e452841319b7c89ace'],1.0
['d578cbfb5c9fa353ce041bc826e13905910e2d2a'],0.0
['1ad55f802f992e545de7d746a3f6a74663ac7ef6'],0.0
['bd704b7f61744014be887012dd75d5c3c2384f67'],0.0
['3b9e3ceff5a7a3a55aec400f1956f56fdbdd5efc'],1.0
['e5311724a9ee2a5695386a0ecc92e1e9582c5373'],0.0
['5d4727231089f8b1380d205f8ccb7896dd1462d6'],0.0
"['91656aed59d45893383c99d068f42774a22ac254', 'a17f7a0bc12d1d2a4cbc8dfa62d3bcb94ed48c45']",0.0
['077556eea0e06963f00bbdcff3ca410ba69adffa'],0.0
"['167cc7b7983b209b237c60f3d5b4067acb88e5df', '569a889291de428aab069a2af6bcfda8f37cff5d']",1.0
['5c4e1338e264ada11a8d5c8b7ebd71c534d98c2d'],1.0
['1856899364709c5262dab3820e6e8b54a0d86733'],0.0
['4eb72108915fdb3b5c47b37be117b7dd8783c9d4'],0.0
['ec462b4de7904e0e55a312940e88b9e825bf955c'],1.0
"['7095f92287552fdb143ee08a4b9fcd67e0e8415b', 'fc3b58147e6707e10d988d3854a0c2087e5f6da5']",0.0
['e6518264098bb152cb00913e2f33174b0478f9cf'],0.0
['70f746d2fbe8333beffdf35a884d66f6a5a7d946'],0.0
['6968ef44e22d4b69a8a8e8bed42fea14c9ccc762'],0.0
"['5e789375da7e0b1c0e84849880353cb25f6da469', '64837f1ce89932862a826743f2df985f6c89fd31']",0.0
['aa8f51b97c262edbf4f020250613e27f51e83bf8'],1.0
['8806768e9f1a2648085f7826d9a0032457182bdb'],0.0
['80e37d5ef93474e90ef0b2274394c81cf3e80782'],0.0
['34326af1d44be1c17fb8208578b25d7162a118fe'],1.0
['07804d4759726da04020834502d37a8f4ac97a8f'],1.0
['865777da92a986df28d6fb40674f66198aa30cc8'],1.0
['d9f1ed44d8b07dbf91d3dc6cea9f6f42ad7ec1a3'],0.0
['de0529f5469b5edc1bd27839136734566f2c765b'],0.0
['dfedaf379531db8b9f91ceef4c9df36e5f1bf7e8'],1.0
"['993c0a14908f82c09f98131e039903af4dfaac91', 'cbe8c66ef91764cc388eed10734d19b8d6bffaf1']",0.0
['1ebab83fed2380bf451dc558cbf55d89f8f5219f'],0.0
['6b9f45324e946feffe68807910d9bffc12adae93'],0.0
['5480235cb91484ee743ed842dadcda87ee7e0e8f'],0.0
['5413d40318dea6c4ee548303ace3dfba3e61e21f'],1.0
['fcdcbe5c9cdf0ef64ad33e8cb1e9d202521b9b2d'],0.0
['47d20494563e20f985f8808b0af3ca705db93f41'],0.0
['eddbb62f94f4fb63bec8fda0f82c0f1597c3af01'],1.0
['96c525f2509a9ec1890c5218f6a65b22660b97f7'],1.0
['fd76b9d5469c3309ce4308fda5bc9e95cbc457f8'],1.0
['47860b62b3c9a915c00fd379b705c545d4c6eb0d'],0.0
['0459c20c117fa8a7891cbd59ca22672157986fbd'],0.0
"['df9dbc99711e0d505a3091158ac58c4f9ea005a7', 'f8c2d0a9a6e9470252d76de443d8e2bbe115d081']",0.0
['3094b10ac1fbbb37158e0b546096b119fc11c901'],0.0
['735f35f440d6f22d27b594c97940ecbe3afa20c0'],0.0
['0b9c4729059a8169f8ea3e9406b9ab23d651d701'],1.0
['bd9b21ac71a9de6954ce3a8281f1eeb03d563f0f'],0.0
"['2167ef2cdde8c9014ef4661a5e1b5f549b7c278e', '373eb01689842c7b1b518be24ab1e2928c2f16f2']",0.0
['400669727e5d9b772dadb16c1089f2f29321b328'],0.0
['68b0e9a2dbf50c49dd8e15f815d662cca463c93c'],0.0
['f47421f2a058a5ca845969e8d15be2028c3e6972'],0.0
"['3a17c5d9c10b9a41b0fe4ee7f596f68f1d6e8b08', '96bfe6c24713c5726282410910b092156fb7e4ad']",0.0
"['042a096396ae5fad19f484ee8e306188215643c5', '1acee45936cbbda51f2bbb5754640897e92101ac', '34d8d5fd17527d4e74877c58373daec7ca0f2039', '353edb82ab30f0a173c87406032355d8cf9d870f', '44dead9ff71ff7aaf20f80cdf5fe60fbc1c15095', '4e1a407e1d86d31519af195001d3011e69ad1ed7', '5b28b519dbeda2301f94c4355884ee780c4cd32c', '5eed9998bb498571697cefdddce9d3458932940b', '76834ea85a177d2b5535766c8e67952391aa06db', '770524a9773284b871602502ba6aa05c77ca919d', '97ac74816bd15e49390ecfc49e8d16cc60eafb9b', 'b3cb695cc8689d5da4c2fe8a705524d438f35faf', 'c8fa580c37d50a07aa4ab41f9c50c3417787549b', 'd35f068309db8e63d831758e296950cebcd75a63', 'f8a5ef0032831b62352303d9491c422f464c4a7b']",0.0
['108b61715c41f9ae4691e060c910c087938eae40'],0.0
['90fbae6acc9aadc9480c9e7d40589f50ec1aa14e'],1.0
['24553b01ac8af9d5727908343caacf8fb0311260'],0.0
"['287b09516f3ce4fdea584265919b8c6356a41347', '31f3433133827c62dfe5d77d461d335811b8a9d6', '8431c4a0a1253f1d53f21de3faee4d0fa6aeb569', '87526b127bc085510258a1b2a86429414d0e681f']",0.0
['bd590587dddbc33e0f861befaa840a5d671996b2'],0.0
['356b9f164c34210601f03d0f16c69e963e589fd0'],0.0
['87b07ef00383ae876a786eb2e7e0419789017662'],0.0
['caa2f3fd7644919a20c6f9ac596364de21eee1e3'],0.0
['e995734e7fcf84f6eade61d180275a9d929cc0a7'],1.0
"['2a290f7f7cdf775491eda05b3690be6d96cd9bf6', '98c18d0058a01e47f3acb10b3a105d79bd1597bf']",1.0
['6ec803d20fd4ec5e57e811290567f87afbc984f5'],0.0
['84272310da749e6b9b3cde4896ad16c0d8ff2c36'],0.0
['43d096ee7bfa73a9f082f218c2b87f5fff310520'],0.0
['b7d9d6e2cd5082d269dafbc0316e2107febe1451'],1.0
['2d5a6de4e227ee97ccbea691c69728b7e31bf678'],1.0
"['1c00768ca7478eda373fb55794d42242dc715890', '31cfb3c71371f1aab106d83f689a9682bcee3eab', '6db2623336a7020596de41c4fa2cb910ad73cbca']",1.0
"['66b1583e4e8490017fbb0377992fe580c602c075', '6f5216382b55ae6e3f269957a5f20345cf720150']",0.0
['4e13a364a67e02ed0b3b8f69bac84d69632f58f6'],1.0
"['03f215c0e894b3c77ccc3b427dd689e77d952419', 'fad0b40e24cc3fdf3265fd18c3962e91217ab67b']",0.0
['5394be374dd20c34ddf128cfd04d6b80096a4acb'],1.0
['1a19d92712bb7479ab8756f4328e0b21328d4edc'],0.0
['0625a2ba80476bf0139f2ecb9019dc2c82e4a7de'],1.0
['9d5b02ec5062a23665ec596ef7d3efe4f5abcc27'],1.0
['df4ba24fe4cba10c84c0cf20f86b5f9c96ec45ca'],0.0
"['8b701e4f069a4459596ea41a6a9681949fffdebe', 'b7dc2f0a382d61da22bf4792e063003ea47e6934']",0.0
['80692e8faa324d2a567074d8438623b0d00f9da6'],1.0
['a0c49dec53ecaede26353c565982897415ea2faf'],0.0
"['080c07d7042f5d39608aa68525b29e6339a1eee3', '51d68ad5445e4c411d3acac32ea8f2ade51849cc', '781b4d86db3011ffbc9cc3f98d6844d17678c04a']",0.0
['31899da15955c54cf61f582911602a987a069505'],1.0
['1196bec8e0446aa3bd5f666a9580ed7e7215c973'],1.0
['7820d628366c7f1b464c0a9c9f45aed5ae3be6ac'],0.0
['8c9c58e34dc4db376000ff62ca997a3d9e10689d'],1.0
['335137148a021e7f501ca5bbf9d49e6e8b9051f9'],0.0
['ae5c5b2237ee4c1aae98a048c09b6a98bd352475'],0.0
['ad9882369ab7ab74b7eb6b13b9cc47db6ed6c168'],1.0
['dffd91c3203c846f3651f7f94b89e66df07280fc'],1.0
['3c0ae9da87d04d2ac8927b3361592b179fc2191c'],0.0
"['2ec1fe43796b0b1f73f7934668edb591ca7b58c8', '5a81779610f7e21d28632f550b10cffe416f13f4', 'f2e2086d530f0535f1e155cf23de6a7ba392d8e4']",0.0
['4ed92b3302860950540f471e595c3a5b10c97515'],0.0
['002349d39080b025cd98d4c99b0ed5f6935d32f7'],0.0
['90871f7198f0739c82df2f1bbb66c5f8dd5a720a'],1.0
['fc29cd18a9193e5ead23ceb91e148865b2bd040c'],0.0
['f8d740af933e81648f69c65fb8229dd21beb4abb'],0.0
"['7b6f2a0f24e7b58aa7e6dd5dfc4ee66320f2395f', 'd0dfe16ccc7eda1d0f3e6b13491736bdc72a4f42']",1.0
['4437ebab2ecad770724e891f15e6d310bd874440'],0.0
['d05cbe16cc694cc6d89527c315d901bc09f64817'],0.0
"['ae5115ff368754021cefb4dc2a43976514b0730a', 'c6c8c1ad7c94caabd4d088d276881fe48a02c9c7']",0.0
['c320dd7c4a99ec2dca21588c0151caf84641d8fc'],0.0
"['a0b45d11bd35e81883456af696c9c4884d075448', 'f9ac7a09d500c69fd7098819d45e62a3fbe1a665']",0.0
['16d67f4e8756eefb5eb407df230be0257ea36c6c'],1.0
['e9351dd2cb0c32c2393e72a33698a878942bb2b3'],0.0
['5a9590c6cbbb4ac26a81ae37088a38778cb12748'],0.0
['dcded5c6e81151941ab8049999a81e3deb7d3531'],0.0
['c32da7e307b5c269b40a2bf191cae346769b0a1c'],1.0
['b6e011f01f0383edab53c67a124c7795967974ee'],0.0
['331a9629a95e6311905ca1b61ff331ac7e61253e'],0.0
['14ba2153750dba88df49f1ac43ea62d010141130'],0.0
['c6ca3de5c6f1281599bd75365d29357427cbc2d0'],0.0
['51b6f4205c0f23a19b84eac61d45e6330140e8ba'],0.0
['1c671c3c4ab1c5edb1f08242e3698061400fe5a6'],0.0
['8bdade7a839e7fd90438d17c1134f30bb5495f21'],0.0
['29bf30561f3819e1a009fc6b623a41f51d18c27f'],0.0
['600a81a9e70234ca7e50c9b4f5d82103cb4f80d7'],1.0
['e1af2634677b0a301345afa363525bc9268415be'],0.0
['5ff048a1fc56021102536725cd5804f4028b3ec7'],0.0
['4da7d6ea2fac7fbb0c34f1713208b35aaea86f32'],1.0
['14783cf5690ba0398b4bad864a84772da4313df9'],1.0
['b494e94bc90b4d553a986242a6f44c4d6707a43f'],0.0
['ce755697fc926b7fa5c783a27ca814574045c961'],1.0
['ff8a62d1d071500756cd61fcd30fc2984e0fbc26'],0.0
['ae28e4beb3d9b395ee269999111b6598802da63f'],0.0
['870dcb82efc39e678325c6042251290308f60d6f'],0.0
['48f140cf7459c963a54637c897448b959dbbfd26'],0.0
['673a5644ace7a0cdb814f68026224ff843ccb221'],1.0
['48adc0744451101f9d2e41b553fc3cc5e462c080'],0.0
['fab50c130baf482288d510427a6632e6489a55d6'],0.0
['73deb3af23765882f67869afb4eaa8ad74a351d1'],1.0
"['230642c970ae7f9edee040873053ae27396328c9', 'fd632637beb78df1862dc588cf6197afd29ef8b2']",0.0
['d239f87a3bd44149bc65eba7f0520d4f01b84324'],0.0
['d8e98897b5703ac49bf0764da71a06d64ecda9b0'],0.0
['56ac6e4768adb1f7055474d40a9e921380559c43'],1.0
['33e506cb4a2d25aeb02a31889778cb3f4620237e'],1.0
['23b6f65fd130c29e5f6ea69e09f6381cf7e34e27'],0.0
"['46b58f66cdbd1c0ceec1a4dc132e63cba71c941e', '91936c15e27d2d3414ce17f5d97003e1b57a436c']",0.0
['0e9680e726b82c6564884ee18157ec44f646a59f'],0.0
['91aff68a2548382e1b8b68677321e95d8124f061'],1.0
['19a0bc783044fbd98f8e394167172f56ff168997'],0.0
"['282640e7d395eeccab484fd902c28df0ef24940b', '4fca2855b5e90089d3d46efa2e2ec14455939a48']",0.0
['48b7545be5373b563b4cde409013f1826ff0a480'],0.0
['26ddc49e57ccfa3ddf2d5ee74b29cb3d62e3be88'],0.0
['ff7ab3bc78abc3e8439a57ef7d755c5aa5b069f4'],1.0
['777d43248c92a2490cc46367203f0f61b75646d5'],0.0
"['89e3f5336ee85840bf6e51cd9bbe0f72ffede197', 'd5f566ab880bcfaee6251be3b1e1ed7b44653a11']",0.0
['1e3765498b7a74b7490db48cd59b67531d8140ee'],0.0
['af16fd57933e092067b8e1ff13e2553fc758be27'],0.0
['059abd69679dd18ccd033195e3bd9a42613e6319'],0.0
['0ba1070351a4df13b263be5657d7747ddfc0a28e'],0.0
['fe7d1210bae865d60e57c4d7322574df8eea5677'],0.0
['1a0daa7d4933575de6ffaa36c66b692443dcb6d3'],0.0
['814ebb996de58da72149bf751d3d40814de6da72'],1.0
['7529bbd338c422715e74334fa9461def69cbd179'],1.0
['02063a8e63edf90a5ddca68e14a88191478c2a60'],1.0
"['12c8b2a2ab55424947a3572ade34d7c9f65f4e61', '34d5c4da61dc92a68e9398b622c329bb58fff113', 'a08d169bd0597826d954e59be9fec629e5abb167']",1.0
"['34d7b05d277e96d31cab40f7818dcc2e8b107a30', '4a13c1e1d2496657f35a7a35092d1b403fe03526']",1.0
"['879ec4ef8689156cdd9c5e604fbe5a8d2734bb4e', 'c27c6edfc1f62ef1941ebb441f484ddeeb3df766']",0.0
['0737dc8d79d9f37c5e24b2a9a0f4ee851e594465'],1.0
['bad8c9ccc91211e06e1f92b21d5eed15b2f7b2c0'],1.0
['523f296557231e3ab77f36b5a7ce9fe11f070596'],1.0
['f790f6a77b8c3142033b50ce1ea45a8eaeaead90'],0.0
['2dd2db8e5070f64e12bdf2ec197f1ddde4b78636'],0.0
['13c66b12445bbaf18850b564fbe19f589fd019fe'],1.0
['5c73cc15702562c4b38d33eb97d615b6a1bd516b'],0.0
['9431529011b0057bb8833dc16726714166547a28'],1.0
['a9b558766352c1cbc66c5f774ed222d77c66f02f'],0.0
"['206a30587caa701596344f2e72137e6e25623f5c', '7537057888d2d63c3b6c2019d5828bc445fbd6c9', '91b7c477c19a18dfd2d5844d1d103220d83a0392']",0.0
['cbd5bf70da22baed45d3f3e7fb0c10e1562ed7a8'],0.0
['358530130fca220b43501963c2351fff1ec04951'],0.0
['2e4a792c67acc1fd7c0cd07b9cfd957736ad160e'],0.0
"['223fc76636c0f66841e3165c6ae24bd60205bd1a', '6cfe5faae70b98d4062ce092d4ce2b90ab8ca2ab', 'e005a6581d94ae41766ffb2ace95e6a5bc1eb90e']",0.0
['7425aaaec3880b811a0b14d1222480efe2b33b66'],1.0
['c41247a3d273f415cf2c7aae7aff490234815ad9'],1.0
['1a7338d868d68ecef899fb8d81cf37852cc94a8c'],0.0
['df6048407faefdc6774a8b5a02344fd4b1a734b1'],0.0
['631eca162ca2ef6450adeb5242b620eabb86a86f'],0.0
['56d386254123df3083437ecd619b4a7242cf0788'],1.0
['d10c0b79169296a593a6e9ad80f90a83afa2f383'],0.0
"['47405a0d885b4fc8f8e746728c394f2817a87af3', '736a2a6ef77fa5cc0eccf4122e6212942981c72f']",0.0
['706850a44308f7ab55df26af78cf56c3a0ca226a'],0.0
['4d1b59a5b2ef765eae480ab758729cbfcb47ad1e'],0.0
['bf044a9bbe222b45cfa58e65651749ec70f2793b'],1.0
['c388393e8c59b5e799cebf42ac7fcde52440c824'],1.0
['6bfd59369721c429b10dac57e7ee4475060981bf'],0.0
['f576884f10d4485aab53c0fb574406b3b9503e36'],0.0
['e9aa7ecdee0aa7bb4dcfa5046881bde2f1fe21cc'],1.0
"['2c466bd875b4f4650c96c9859a2951882fae9efa', '4438042bb8b22dde87dd033bbee945628812ec8e']",0.0
"['0ddfd75bf67853f14885ff6fbabc65dedb573470', '280c5ed1f990c4b29ea214eeaf81d95a8407ce93']",1.0
['edc32d8ad076e423cb6171c9b28ad4bfb102f39f'],0.0
['7e4224946a2fed75dc197ea3a4f502169a8b8e2e'],0.0
['6d3b57fe423e18d61ae457a718c0f9901a173ace'],1.0
['ca01593e2f48d99341312738f71371e31902e7ec'],0.0
['74d74496ba4b4fa933c65565c2b0cd353f742c78'],1.0
['77da955f1631ba810d75b8481dad5e85fdc0947e'],0.0
['0b49e2f3b55fea9d071c3f341405d3ae45ede28f'],0.0
['516c63a71e632c862841cbcb3f9b7ecfc05d9675'],1.0
['711d232f9344173d6a3f63d5239fe9a41f10e9bc'],1.0
['b87db0e81738e0db734e12120b10c8ca3611d8f4'],0.0
['757ab2714df2df002e85c028aa766415effbe528'],0.0
['cb97312801fdbd800c1e5cf0565d4b67c1625d40'],0.0
['03c32c6d806136b99d54b4e1d3b662a5acf48d3f'],0.0
"['a8434f5821e5904748ecc6c81324ee29fd1ec293', 'ec17c7e6048e9b718c96d6bfe559aa59e982df62']",0.0
['999c4cd6cadbadb2a6284d45ddd9b49d404180c2'],0.0
['5e3e4750090be6e3b63d28e07f18d0a4035f7aa2'],1.0
"['dbd222b293883d718d95b66a5e2365cc6e25bdb1', 'f82378c59aa106b1391fc06eb972ed56104fcedc']",0.0
['952725626ba1d36613386ab6fba842d7b703e12c'],0.0
['d6f7af9497a4daefb6ef54cbcc1acbfd3f55559d'],0.0
['bb769fdaaa6581af1a6fb4696eb889d18d7ad6d1'],0.0
['6c75a111995a9aab09e19c2b6a8a42162f689bc6'],0.0
['903493871468d5d7bbca9eb9d3efae187afdb8b0'],0.0
['134ffd290adfdbfb6c291115f5d7fb297314002c'],1.0
['6cb5d097fe25de65a918aa00ceb6a2542c1a2602'],0.0
['e19ce8bafb7ec94179885445fb78f854c4eb3332'],0.0
['64bf0fcff45672899acadc0b488ffb75d564226a'],0.0
"['516da19a4de0bc802669d3c3147c9999669ab76a', 'a3f9afa3002441220fa90182e86b9bc68af633f3']",0.0
"['64bf0fcff45672899acadc0b488ffb75d564226a', 'a3f9afa3002441220fa90182e86b9bc68af633f3']",0.0
['e75aa433e83419a0c29d330c8cd45b1c59340506'],0.0
['7b910917d39bb7d7c5b1b7cdbfb14ff001cac7cc'],0.0
['4fdc6269b669a8bab7ef4af53868356f6c47f9f5'],1.0
['c4c2dd90d2564419b4f32f2ec297ee9f6bcdc763'],0.0
['f3ba0c1dd32821ad700b2784d160d1c161fb3125'],1.0
['3997f8ea966b6fd6bac7966f61ab4b3447e55b77'],1.0
"['8d3af3dad2612d4e9dd7499c34abd39323d864f8', 'a24d2308d61b317ff0288986e32f957c1f2126e8']",0.0
['7e699a6f048223ec0eb5af33ce1cfced804cacdc'],0.0
['ec1dc690eb57364de693ceb903afe1e32b72fb65'],0.0
['8f732a7a05d87a15e44a1e9ade20f9be81e3e1ca'],0.0
['6eb7f1fe4d0e05c819b28bd12b682b828ce75a1c'],0.0
['dec8a8ddccae9fb5836853fe38a6861c12861b9f'],1.0
['a3a73d1a119a99c1a3dcc0c0fa95dbcd22d69d87'],0.0
['b64d887028effe6c602cdd200e89e5b1600c8cbb'],0.0
"['489e531334bc448c88f9b5a74f1bbbcaeb3f067b', '9c3cb751f0ebf06d3ee15ae9c6279e49af9ee0e6']",0.0
['dbf8ab7f1db400473dd2ac8cd67fc9462f51bc15'],1.0
"['267fb1f9674eea70d19493c104fc7581aabd7c81', 'a1905eb28931e14e704b1db41409655740635228']",1.0
['afdd478491d96b917b55fc32d99b38882f185355'],0.0
['596718536e34ca2f32ec3cc80c53fc620d9a8f2e'],0.0
['737d7ebce01fa070e55caf8333c18ca8ec4d3da8'],0.0
['75df8d899f34264ec12f77623def3369c85e97cf'],0.0
['7f178c83def5c2b2c9a93d4ef08b64e4d55a90c3'],0.0
['cf8c31f81ace314bd870755683f9c73335ff70c8'],0.0
['cabb1c56713be927ef69c3380d1a116122c19b4f'],0.0
"['69283303f3efe4e3c1f58afa8044f9572ee71f16', 'e5fc79a9b435b3529bd51fe57eb253e7a2b6784c']",0.0
['59ad995ff9e17a486d46bd0d3f83fac3f8a626eb'],0.0
['da5ac718859fe7eac599574334431348fc3e4361'],1.0
['5d45eed2ab9b029da5f6daac4a2834dec2c6bd3d'],0.0
['365921557d418fcab5deb4b2e952884b74b887bd'],1.0
['e17ddc255d5d3d2d1032e0f42c627023769ad5ee'],1.0
['e84edf13c2984c071e91e747995075bd80b1c194'],1.0
['8e02316c1a1692e3a8bd8cce89eb4f54598d2a8a'],0.0
['fc9a2dc14ca3a5684e3cd1a4006ebebbb1e00318'],1.0
['803ecc7334b89a12cf169c814973d2ec58b0b668'],1.0
['de1e502429b1287d8bc07cbfbe6638d24322b1e7'],1.0
['c0be81cfad2b6727496d1e28f727ac05a0368942'],0.0
['3686513de755762842f0dad949164dea80ad6b36'],0.0
['8779e33a4bd87f2778ca74ab168cbf5b9f5032d0'],1.0
['7217179d1e03ab3d6ece4f3aa19fe29af2a496da'],1.0
['b99ef016fe098b6ffb7d7184c34943d63915d3f0'],1.0
['ba2e9e0911a8ee91ce736578c03c8a7e1137d80a'],1.0
['64f951071b0541dea6d7aa59c852a60d5768b91d'],0.0
['db4c6f5ecbdc2851fe5947fa36725f43cce52280'],1.0
['57309c752e1caf56df67c404700e40afc78ac038'],1.0
['4a034fbd80fe735be6f232f0b18743ccd408fe9d'],1.0
['2448fbabf4972a3a86dac4a0c46d28c2113d6609'],1.0
['6865f73b9124eb7c89320f31bd893648a7819653'],1.0
['68e209adfa35b6b7cdf8d4e693afa9fc51e8a1da'],1.0
['ea4fa173da896e49f530b4ee1ad88fc4c6d32cbd'],0.0
['37232f6d43540ff9fb3a88e35070cf7899173ad6'],1.0
['4e977da541307dd650917b49e9410a3ca753a944'],0.0
['e784fd00f543cbe190bd0241311bdc03a37ecdd9'],0.0
['43b06efe7884c39f52a35dcb4c410b6bcb70d593'],0.0
['2e085f67d4132ac8e01dae5a4428014f51fd4829'],0.0
"['4cebf97ce840c2fafe6e474b34ededea66d90a94', '5f30b6a3519b493ac7eb9c14ed74447867e88213', '72d1a939770e59188bd5ca3cda5d7b80b146b1a9', 'cc5cbadae69e2a9e3a94c541115fdf1507dc840b']",0.0
"['26160ec1de79259ece2127141812736012e329e0', '56ea5dfdd4adf74f3565f5d97d8724c73515eace']",0.0
['ee1353d0dec4eae1c3a3e7279c0cdf29a8ff6cb2'],0.0
['84f3b5573be57b05aed0a775d2a783e132c8e309'],0.0
['0599bfa2bc49c885fd4ec3ab7ecce37dc5c03ce5'],0.0
['4458b76756ada59b4b1f130213ca4ce86b02f25f'],1.0
['bbcc643bba15de75569ab514f5f5920b67fe344d'],0.0
['51ee8839c6b5eaecb9de14b9d4c8ca1ccbc4baf6'],0.0
['b2d1de2697f70239e2e80d93c0d728cd8509eae9'],0.0
"['012af6cd7c815350f1ece6d9f46d202efb26a089', 'fd151670ebe6d50fb4df84ab10c04dca7ecbff19']",0.0
['14739b5e27987e1eee080579fa0c80eea07347b8'],1.0
['b4ab20652fa4fda75c28485ed445709db1ea4e9a'],0.0
['d0f957df427a7692f84b9da64157b73672d6b7a7'],0.0
"['c08272ac2469e6982f81d4e61cecae46f89fed7b', 'dcda247c107f9198d95b62871d273b1ac81cae0b']",1.0
['eafe2c16cdd934b95a55adeccde5e7279b80b329'],1.0
['79435c0e645b807243edf662b2462234494aacd9'],1.0
"['5a22b4aa891aaa69a0033fdd6f2f9cdacd9d5002', 'b3dde6ae50c3e9b1a5d7fcff1b493a43dd05b5a1']",0.0
['51520a75d5df51e865f00c9d6061d7b16a3cda4b'],1.0
['b6ee5cbca14d96d7544a6a450c1b018ec516a40d'],0.0
['3dffa0d2331a5e25bac2b046f81baac7f0535d68'],1.0
['9de6586eafcf5b30af7dbf139fb72c45790c6a3d'],0.0
['933063188870347b59b35d4f96df21864d0f8f0b'],0.0
['f7c2b00b1037267614a4f6817c10b0ef1950ff91'],0.0
['38baf946c31df229b3aac47671eef313aca05520'],1.0
['48a240bcbe09cadb7dedb3c6440cbdcb9f7c9d58'],1.0
['00234f5619443eba7bdcdb1706a0c19e0056b556'],1.0
"['0c15b85d5d0fada21306ec6da8b2bb0470fefc68', 'fc22cb88ed1972444e7e0d91a28926901d280a60']",1.0
['98757ee64b2a21e05317e6e17e398c41fca0cf24'],0.0
['a8d0084c692af41b63c39fb956f3d5ce5516121f'],1.0
['3c6fc5892f7fa1ab5044667d1b4c8a8c34db89ea'],1.0
['174b9a30976f5332aad5dceffb2bac1c53931537'],1.0
['3a161e65e76a83be6d62c424227fe10b5b66b77d'],1.0
['9366d622bef3322284dcb4d34c8b1a383d04590c'],1.0
['81bc771e7cccb8a43f067a89f721f83798e63483'],1.0
['5c29fc358814d0e5947d46652386589387cd6b8a'],0.0
['fa216dc3b6b49660fabc6b8de41a63b1185fd8cb'],1.0
['a1772bba5d41492cf069b34d0c10df9c9a8af189'],1.0
['0ad34173e4e3522507125a823dcb15b54adaced5'],0.0
['498ff4800abc39357c2ab98968aa2a0f4dcd210f'],0.0
['88973f8d3633886e112d7cec0047453fb9dafa0a'],0.0
['6ef2ce0aedd8a61744a8b533e727b78d59184177'],0.0
"['aaaf075ae3eac95af9003e0d98d26d426e5644b0', 'fadb2c6e51e9a0670e550f8853b91cc2da2020a0']",0.0
['7ddf72d008ed35562401034e78e589b138c3041a'],1.0
['d54d4356e3c458952d784c15ccd79e4e8ae39c9c'],1.0
['a7540571a1bea7e33142d555bc1c09a37ccc4684'],0.0
['d13b90daafe6a9d3ef190b45b0eefbcbbde05bcd'],0.0
"['096967b51d1b797a66ead79367ef8ccc9bcc9fc1', '8af9d050a40a537cf0788248d5a7b4f57f5cb300']",0.0
['c265307c333043cd04ab94ff5f47d519258097ac'],0.0
['27c5b51c5bfb8ec951d29a666942c1accd5ed734'],0.0
['65fce62178e7daef2ae6f60c480b519e47c41f00'],0.0
['1ea4e2b4c431166acf0000f9694a118ef59686a3'],0.0
"['e3f021ea896241e02663f7b842589dd377457e8d', 'ebe02d695976fb466cc76d9cf06aec871a7dfef5']",0.0
['ebe02d695976fb466cc76d9cf06aec871a7dfef5'],0.0
['5497c58b01da94a5dceb208e970cbeee3d3d8754'],0.0
['d143f91f7a5dabd6741ce2ccc60255391ee2cb7f'],0.0
"['055ccd82413c90fecd463362f29486f8a52e74db', 'e1d6af7ea381ff64730d7a8fb3cf6880c89c4f72']",0.0
['07d99335b303143ad2997a4a9228ea2a3182f5fe'],1.0
['0eff45db7d380b5b26a6461077f2c930a9b44972'],1.0
['0205ed299195dfce71d7cbe58ebed74621287983'],0.0
"['0bde5b5b7d3f03651d6fc9ea4abea0432a830ca9', 'b98dc1ba80ddc995a641a8b02a2c6d16c497c9e4', 'dac4c79e3d75bbc512ccde95927c26dada05f1ad']",0.0
['3c7ab1a45a3bc3e1611836e06de3503c1c9ac993'],1.0
['2899c89d462dcaba956f5dd1c03871e2841da536'],0.0
['90995bab7d15dc33ad88a00737ed03e076bb6b4a'],1.0
"['30eabcb9216ca31ddc6169dc01839672f86d8ce2', '66d6cab9874e599bd4bde946a9a699b1aa17a737']",1.0
"['708103030ad9f2080d1fe7ccea73396db9756165', '8a6d3fb886c6bbd06989de76dd5e1bd6b1da78bc']",0.0
['f06fc27fa2a0585a81a7775036bea9934a2ab5f1'],1.0
['498370c05b56ae02189466420da117b32304ddf9'],0.0
['ecf791742655b440df0e1be6475669b6c94318aa'],1.0
['ecc9372dd1968d3dbdfe76f4d56afb9a1d77a253'],0.0
['524f09a5e7fe8f8a8ee1bdbaa32a944e1981f10c'],1.0
['5ea4729cd78f44d6a59ad484becee58a8215731b'],1.0
['5aec73daf5ea144ac9f2a4e15c6807cc2dcb87b6'],1.0
['e6ae655e363111546711da33501c01205bdb2fd8'],0.0
['192af0f85b82d435381a0196badd9e752868cee1'],0.0
['f69fd2855647cd0a9e63c7fcb04402a6902945c2'],0.0
['5b3196963b4f3d15ade5e057f1468e6fadb34b46'],0.0
['ad75539a0cf55a67c0a1db1bfc76d10083c6f4ab'],0.0
['38c7828499a21468d0f6d400179d2fc6f54e413d'],0.0
['540d1535316d6ecbe755ee66dfcbc23dc0bde3a5'],0.0
['1748a88145dbdbcc7f7b8829c554c03c85666d18'],0.0
['3928aca3661b35bfc538d937072d69377a0109ff'],0.0
['1e17a9d367c54c680368be72f44247ae28b98904'],1.0
"['45b57ae59730d3f94b9c5beef1a74b8a3465aee8', '5a3044bb4b92a5959445419c124b7c9ab0aa0a2a', '6c528e5b01422c39a71d2742b016a19094fa9314', '881a62896b8897b4a34d48931ec1d6456ff466d4', 'ac88b804af85ef210d8da51ada997683457a9501', 'b2bb9f6234f1aff76b831f304d2f5798cfdb0c86', 'e61832810f122b18dee52bfcdeacf8612653e1a4', 'f93bed5a45cd4c39170bed81be4fa0f69660c56c']",0.0
['c381d5cbf959208adeb38e7859ee815dfbd2cf54'],1.0
['993ac30f9880e6a6f69b8ebdc6fcc865534f9707'],0.0
['88d6ae304e335bc3e6d34f053ef8f3324faa6c1b'],1.0
['a8399f0cf9beaee04bf69729da59bda3f1b6b846'],0.0
['2076a9397911cb49442f5e3b36ae0b57df52d019'],1.0
['6aa6f9ae44ed999e972a58f729bdc5b2fcdc127b'],1.0
['9fed9f142395959a727834cb88013293ff6cef4b'],0.0
['16669474dc512665ed9b20679dffc0a178bb9abd'],0.0
['261359fdfcd9053094fb1b9f94284699e10dd2ee'],0.0
['8b22725c782a65b2222f7a9ffed6d241c599f2e6'],1.0
['dbf2af198ab570c1617db3cbee25a9cfc8863408'],0.0
['e51eb806f60c8d6997a7fb038708dcc619a3eebf'],0.0
['28c802bd613fa7d6cf9f88cd83e6a332b3dbd2e0'],0.0
"['68cad40c09418112416b7c09cb019af14eb8e2b9', '91a2e4f9e306d4c8acd3266a6159d5ec9ffde1d8']",1.0
['73057f211533a2df3fb73d2c16276208e7fb6f2f'],0.0
['148d1217a134b1071228b0dbf5b1fc5a17741044'],0.0
['e1a31f51f4a647d1b7c98cbc84b00784d7ef214b'],0.0
['b6ef325df043c7d79ddf56fa0846765254511071'],0.0
['610de88b1cbd7a9ee462d646c9d8bf1e3ea73fc8'],0.0
['4f9f68e7a6178ac8462f85469ddd577678b0b412'],1.0
['1ac67a5ed60040755c96b0bc8a4ec7f44d581765'],1.0
['182bde91a7639e0a9f83ebec0cbe630f3109f315'],0.0
['631dea508d9700018ba66c89b9739ebeea67b0ae'],0.0
['003c40197b64a7c4b8666da85a3068822aa006e6'],0.0
['4928393f6eb232f7404b58bc3e63f30b26ccea20'],0.0
['89c53ece472776d1b87f7d7ac14c68313c1dd34c'],1.0
"['a1f919fd57631bd112855335413bea4785cb61f6', 'bb60b609206fb7aa1c8960eff31beaa49c74f604']",0.0
['cbb1fed19ac9ee945fcaf5c36f8f32c57dbe0ea8'],0.0
['361f1bc7c5b9de8b327ed2cfdc1a36e5289883a6'],0.0
['4065ffefc37e06ca991fb96b6dcfd026e609aa5e'],0.0
['88f429c83fd1b0dc5ca646ab452ff1e4099f34be'],0.0
"['84c9e356506463d0614f42b6b87edde576a33238', '8e1d2f58b7d28483f24a8dd1e85532cc380be714', 'c341f79d0486cdd2dd19931cf12e379cefb4ab2a']",0.0
['1b22254e0b57bdd7b7c033886e0a90512c5fe3f3'],0.0
['7ed3ce0c77294a9f71035a02bdc1c9716a235c81'],0.0
['4ee4a2db6916aee7d9bb9f438f050d1dfbeab436'],0.0
['5ce5a0462f929993c534681f662ff85a1211df57'],0.0
['f349ffac27f947820dbd7c4bc39b17c038a0863a'],1.0
"['248a2c15baf5beef651ac797ff46f3d12a9fb98c', '264b2f769497a4433fe925f4a31cd0b60256bd03', '8bdbfce1d22b6da5d4b11851a73298729e5ee2ff']",0.0
['12e09c8747766f756518978c8185c5cfc73cea68'],0.0
['95f9af8257d85764cc2938f0b81bdd39f60de468'],1.0
"['18f2548a0f43e42c700472720fd1fabc523eaa33', '96a31c41afc0ca1ee84f1927822dea33992c8db8']",1.0
['9fff2d305248fcdc5fd4ed3d8375637eca3d22b9'],0.0
['409053bdaa19c31765cb05c43ec22ac4dab3179d'],0.0
"['1e58ba3eec5f625dedfc0fbc8c891d3ef885e1b8', '882398339078cb3066df499febc400fbfd4fbbaf']",0.0
['a67f6bc49c85da16e292e5fa2473d250389b239a'],0.0
['5a06bbc712713c94766fd3acd18defde51c94da8'],0.0
['b0b4b176b0e061a4f03ddce669637b7d6c37aa33'],0.0
"['60cd8e1f8d9319df83319e9e3b3098623fc73f74', '66703b43161aac822d283e4ed1408651d08d9d84', 'a78e8b6a4feeb7ce58499c75f1cc4efff36cd5b8', 'd23ba1b8331cf789de56c3e59c9e5b7b3c134bb3', 'e8c2f4126d5ea82391291e2023c4cd4694b40a93']",0.0
['e82f206a94a75518b59554d6c454247eb93b2d72'],1.0
['f6f373db9b94717f1b5c44f6ae0038829e2f7000'],1.0
"['a78e8b6a4feeb7ce58499c75f1cc4efff36cd5b8', 'e8c2f4126d5ea82391291e2023c4cd4694b40a93']",0.0
['a30df6ef4edee54e108ff6333429360efcf94bfe'],0.0
['d5a0d71037921320210ab719921c9ba621b98ec2'],0.0
['12142641ed4da514c977ebf2445de61e0bf85f7c'],0.0
['3fbd60a00895c06a31628dbfda1dad5384fb4d8f'],1.0
['ac568795e71999dacd5cd05fb830050dcf09a4f6'],0.0
['3d2645ab138c9158ca4224458de74c723d4441cc'],1.0
"['dc41a283cbe748e64498a4100fdc74c0b1ad2d6e', 'f5ad8ae883bdf692efda89525ed196fd2b51c064']",0.0
['1928762b4850d5b0b01b4940bfae134c2a6bb8c1'],0.0
['91f9d255b8b75e1cb135abc11d9198b1bd44e697'],1.0
['3928e52bf849b618584540ee9229c7974f5c9de1'],1.0
['3ba09e13a76132a6ec79e5275ce4954ad057b4e3'],0.0
['db41cc252c1a3136e37bcf4111174555b979daeb'],0.0
"['a937850c08926b31ef1e991e6526ac540aeee2fc', 'cb807906d44b1a26828af7c1ba05314ac5cc99b6']",0.0
['55a59b6bce2c03e1a9d4e4d01c34ff542eb894fc'],0.0
"['0ede89dd6d49059058262b2afeb3163f86b6ffcf', '135ba7b8488ce1019176f6b93f88eb14ef7fb593', '19c7042f328a31d117b1d3f640ceac997819ca35', '243dae79a688e115355155527c85257ef3c9d4d5', '30db1d9d101cbf736f006cdb345bcd3b1685e813', '8b69141bb6beffd3c6fe0c58d346eb14db396d75', '8cbf56161983fd0d6195fa2a920d5098f5f70e83', 'b042137db1c21f204e2262aad003522346319a75', 'c3a6c253ff12410411be8c3629804d5b8e272de5', 'd94b403455616e15602aab9f95449f3d742154dd', 'f10553fae1b3eebc480feaf83fdcf3d7c4147b30']",0.0
['02ca5580bd5f70dbd5ffcd147da6b99e2c90c265'],1.0
"['53c409d8405a61db648e826b30a55cb46cddf5a7', '7cab255a97fceb48e3b59b3d39b5fe58c6dad54b', 'b1b6d03d5fa402e25b49ad8f4ac9e184b53f7dfd']",1.0
"['5ce8f09f02fb5452fbaadf9059343118551567df', 'f1eb4cf31aa1187884b49a222a1c9316a6b6dc9a']",0.0
['6f7f579df618f1586673552be9c0440c94210b06'],0.0
['974770be6226a293cd6e23622d0ccacbe1fd38f3'],0.0
"['9a4d2dc38b5676a3dbc30a7af0c362f90d7fc277', 'b9a8dc8548872e99dc9369cc26f8bb7396172272']",0.0
['dd2ee05163a2164d24e53ffde24c7cacece2dc5d'],0.0
['131edd2760734025a73b3db634d2bda7df1c0659'],0.0
['e947e47f314e591b591d6f4a0d2af17a568ac05a'],0.0
['40847a7831a2bccaeb04b796c5534418d8b3c334'],0.0
['0d34b550a491dab2ab58168c328907accdee6781'],1.0
['2c7471a95dd818fbad80bd4925ac7c9745884363'],0.0
['1f36f02dfd8638e30be0716af5cc5b7fef8b6fe3'],1.0
['75ba7425f6d235f254c00a45a58f42e88f80301a'],0.0
['356b4a15687439a7e7c6fb2401cda1b345a7a290'],0.0
['975efb2c2d1f17f7cc4aae60a379ee15828cdad8'],0.0
['2f638b227f3210580a1c17e152f61439f6175dfd'],0.0
['76ba4fc5771a93010125e2b67e33e2ed8c825315'],0.0
"['76ba4fc5771a93010125e2b67e33e2ed8c825315', 'aeee438bf120f44a4402250fa50ef530f3c830a8']",0.0
['ae7bf842e4cde03b91f200fc432bd7a7dc0202de'],0.0
['7df719fc662a289ca57b1b2c5f438804038c3ab4'],0.0
['e25a8cff4d0aa52a15498ce74ff8bb892ce789d9'],0.0
['241abb554c5b675e7a4570871bbc442d75e94548'],0.0
['de387ea482bd72bab9e81db47cf7a5991f25117c'],1.0
['72ee9aab031c9b37dc0d7b030c89b1c30708970d'],0.0
['b915b11cca558eb99b7c2621c4457491d4bdb43b'],1.0
['20a72627900330cf9c95cf506458cdec4d16a836'],1.0
['6f4e66fefbcbf79351f41db0a75bf8aace43c1b7'],1.0
['2c9f4326cce2717285e68f86ea8d50b9e0a5610f'],1.0
['3b0f24f06741deb460418d8990546cbf4849d57c'],1.0
['b19a65cc9f96dc711f332a5f2ceae1c7d67e8474'],0.0
['e48b47b76c86546b558a02cecd7944de0b9dbbd8'],0.0
['f2810f1dab649b2999fa0ad991ddabb416c5be74'],1.0
['bc129f1be8e37b4e7ed22317871b1e66c2682410'],1.0
['10458078d681e4107a0a5083a775f4653e788037'],0.0
['bb53774a91f9bef963f56c019fa8bea12a0f3435'],1.0
['cffd3b10b284551647f3cbc3456d2672db3d32ea'],0.0
['743ea1afc676d2941beb5b76728e41a51339c3d0'],1.0
['93198b465833d397b08b99310aae5d0c2b4f3f91'],0.0
